--
-- PostgreSQL database dump
--

-- Dumped from database version 14.1
-- Dumped by pg_dump version 14.1

-- Started on 2022-01-18 17:36:10

SET statement_timeout = 0;
SET lock_timeout = 0;
SET idle_in_transaction_session_timeout = 0;
SET client_encoding = 'UTF8';
SET standard_conforming_strings = on;
SELECT pg_catalog.set_config('search_path', '', false);
SET check_function_bodies = false;
SET xmloption = content;
SET client_min_messages = warning;
SET row_security = off;

SET default_tablespace = '';

SET default_table_access_method = heap;

--
-- TOC entry 210 (class 1259 OID 17284)
-- Name: History; Type: TABLE; Schema: public; Owner: postgres
--

CREATE TABLE public."History" (
    "HistoryID" integer NOT NULL,
    "timeLogin" timestamp without time zone NOT NULL,
    "timeLogout" timestamp without time zone NOT NULL,
    "userID" integer NOT NULL
);


ALTER TABLE public."History" OWNER TO postgres;

--
-- TOC entry 209 (class 1259 OID 17283)
-- Name: History_HistoryID_seq; Type: SEQUENCE; Schema: public; Owner: postgres
--

ALTER TABLE public."History" ALTER COLUMN "HistoryID" ADD GENERATED BY DEFAULT AS IDENTITY (
    SEQUENCE NAME public."History_HistoryID_seq"
    START WITH 1
    INCREMENT BY 1
    NO MINVALUE
    NO MAXVALUE
    CACHE 1
);


--
-- TOC entry 212 (class 1259 OID 17290)
-- Name: Hopital; Type: TABLE; Schema: public; Owner: postgres
--

CREATE TABLE public."Hopital" (
    "hopitalID" integer NOT NULL,
    "hopitalName" character varying(100) NOT NULL,
    "current_Quantity" integer NOT NULL,
    "Capacity" integer NOT NULL,
    province character varying(100) NOT NULL,
    ward character varying(100) NOT NULL,
    "District" character varying(100) NOT NULL
);


ALTER TABLE public."Hopital" OWNER TO postgres;

--
-- TOC entry 211 (class 1259 OID 17289)
-- Name: Hopital_hopitalID_seq; Type: SEQUENCE; Schema: public; Owner: postgres
--

ALTER TABLE public."Hopital" ALTER COLUMN "hopitalID" ADD GENERATED BY DEFAULT AS IDENTITY (
    SEQUENCE NAME public."Hopital_hopitalID_seq"
    START WITH 1
    INCREMENT BY 1
    NO MINVALUE
    NO MAXVALUE
    CACHE 1
);


--
-- TOC entry 214 (class 1259 OID 17296)
-- Name: Image; Type: TABLE; Schema: public; Owner: postgres
--

CREATE TABLE public."Image" (
    "imageID" integer NOT NULL,
    "image_Link" character varying(500) NOT NULL,
    "ProductID" integer NOT NULL
);


ALTER TABLE public."Image" OWNER TO postgres;

--
-- TOC entry 213 (class 1259 OID 17295)
-- Name: Image_imageID_seq; Type: SEQUENCE; Schema: public; Owner: postgres
--

ALTER TABLE public."Image" ALTER COLUMN "imageID" ADD GENERATED BY DEFAULT AS IDENTITY (
    SEQUENCE NAME public."Image_imageID_seq"
    START WITH 1
    INCREMENT BY 1
    NO MINVALUE
    NO MAXVALUE
    CACHE 1
);


--
-- TOC entry 236 (class 1259 OID 17366)
-- Name: Notification; Type: TABLE; Schema: public; Owner: postgres
--

CREATE TABLE public."Notification" (
    "notificationID" integer NOT NULL,
    info character varying(100) NOT NULL,
    "userID" integer NOT NULL,
    "userName" character varying(100)
);


ALTER TABLE public."Notification" OWNER TO postgres;

--
-- TOC entry 235 (class 1259 OID 17365)
-- Name: Notification_notificationID_seq; Type: SEQUENCE; Schema: public; Owner: postgres
--

ALTER TABLE public."Notification" ALTER COLUMN "notificationID" ADD GENERATED BY DEFAULT AS IDENTITY (
    SEQUENCE NAME public."Notification_notificationID_seq"
    START WITH 1
    INCREMENT BY 1
    NO MINVALUE
    NO MAXVALUE
    CACHE 1
);


--
-- TOC entry 216 (class 1259 OID 17304)
-- Name: Order; Type: TABLE; Schema: public; Owner: postgres
--

CREATE TABLE public."Order" (
    "orderID" integer NOT NULL,
    "patientID" integer NOT NULL,
    "TotalPrice" numeric(19,4) NOT NULL,
    "oderDate" timestamp without time zone NOT NULL,
    "statusPayment" integer NOT NULL,
    "productPackageID" integer NOT NULL
);


ALTER TABLE public."Order" OWNER TO postgres;

--
-- TOC entry 215 (class 1259 OID 17303)
-- Name: Order_orderID_seq; Type: SEQUENCE; Schema: public; Owner: postgres
--

ALTER TABLE public."Order" ALTER COLUMN "orderID" ADD GENERATED BY DEFAULT AS IDENTITY (
    SEQUENCE NAME public."Order_orderID_seq"
    START WITH 1
    INCREMENT BY 1
    NO MINVALUE
    NO MAXVALUE
    CACHE 1
);


--
-- TOC entry 218 (class 1259 OID 17310)
-- Name: OrdersDetail; Type: TABLE; Schema: public; Owner: postgres
--

CREATE TABLE public."OrdersDetail" (
    "OrdersDetailID" integer NOT NULL,
    "OrdersID" integer NOT NULL,
    "PackageID" integer NOT NULL,
    "Quantity" integer NOT NULL
);


ALTER TABLE public."OrdersDetail" OWNER TO postgres;

--
-- TOC entry 217 (class 1259 OID 17309)
-- Name: OrdersDetail_OrdersDetailID_seq; Type: SEQUENCE; Schema: public; Owner: postgres
--

ALTER TABLE public."OrdersDetail" ALTER COLUMN "OrdersDetailID" ADD GENERATED BY DEFAULT AS IDENTITY (
    SEQUENCE NAME public."OrdersDetail_OrdersDetailID_seq"
    START WITH 1
    INCREMENT BY 1
    NO MINVALUE
    NO MAXVALUE
    CACHE 1
);


--
-- TOC entry 220 (class 1259 OID 17316)
-- Name: OrdersPackageDetail; Type: TABLE; Schema: public; Owner: postgres
--

CREATE TABLE public."OrdersPackageDetail" (
    "OPDID" integer NOT NULL,
    "OrdersDetailID" integer NOT NULL,
    "ProductID" integer NOT NULL,
    "Quantity" integer NOT NULL,
    "Price" numeric(19,4) NOT NULL,
    "Unit" character varying(50) NOT NULL
);


ALTER TABLE public."OrdersPackageDetail" OWNER TO postgres;

--
-- TOC entry 219 (class 1259 OID 17315)
-- Name: OrdersPackageDetail_OPDID_seq; Type: SEQUENCE; Schema: public; Owner: postgres
--

ALTER TABLE public."OrdersPackageDetail" ALTER COLUMN "OPDID" ADD GENERATED BY DEFAULT AS IDENTITY (
    SEQUENCE NAME public."OrdersPackageDetail_OPDID_seq"
    START WITH 1
    INCREMENT BY 1
    NO MINVALUE
    NO MAXVALUE
    CACHE 1
);


--
-- TOC entry 222 (class 1259 OID 17322)
-- Name: Package_Product; Type: TABLE; Schema: public; Owner: postgres
--

CREATE TABLE public."Package_Product" (
    "Package_ProductID" integer NOT NULL,
    "packageID" integer NOT NULL,
    "productID" integer NOT NULL,
    number integer,
    "isDelete" integer DEFAULT 0
);


ALTER TABLE public."Package_Product" OWNER TO postgres;

--
-- TOC entry 221 (class 1259 OID 17321)
-- Name: Package_Product_Package_ProductID_seq; Type: SEQUENCE; Schema: public; Owner: postgres
--

ALTER TABLE public."Package_Product" ALTER COLUMN "Package_ProductID" ADD GENERATED BY DEFAULT AS IDENTITY (
    SEQUENCE NAME public."Package_Product_Package_ProductID_seq"
    START WITH 1
    INCREMENT BY 1
    NO MINVALUE
    NO MAXVALUE
    CACHE 1
);


--
-- TOC entry 224 (class 1259 OID 17328)
-- Name: Patient; Type: TABLE; Schema: public; Owner: postgres
--

CREATE TABLE public."Patient" (
    "PatientID" integer NOT NULL,
    "PatientName" character varying(100) NOT NULL,
    "DOB" character varying NOT NULL,
    province character varying(100) NOT NULL,
    ward character varying(100) NOT NULL,
    "District" character varying(100) NOT NULL,
    "Status" character varying(10) NOT NULL,
    "userID" integer NOT NULL,
    "hospitalID" integer NOT NULL,
    patient_ref integer,
    "identityCard" character varying(50)
);


ALTER TABLE public."Patient" OWNER TO postgres;

--
-- TOC entry 223 (class 1259 OID 17327)
-- Name: Patient_PatientID_seq; Type: SEQUENCE; Schema: public; Owner: postgres
--

ALTER TABLE public."Patient" ALTER COLUMN "PatientID" ADD GENERATED BY DEFAULT AS IDENTITY (
    SEQUENCE NAME public."Patient_PatientID_seq"
    START WITH 1
    INCREMENT BY 1
    NO MINVALUE
    NO MAXVALUE
    CACHE 1
);


--
-- TOC entry 234 (class 1259 OID 17360)
-- Name: PaymentLimit; Type: TABLE; Schema: public; Owner: postgres
--

CREATE TABLE public."PaymentLimit" (
    "paymentLimitID" integer NOT NULL,
    value integer NOT NULL
);


ALTER TABLE public."PaymentLimit" OWNER TO postgres;

--
-- TOC entry 233 (class 1259 OID 17359)
-- Name: PaymentLimit_paymentLimitID_seq; Type: SEQUENCE; Schema: public; Owner: postgres
--

ALTER TABLE public."PaymentLimit" ALTER COLUMN "paymentLimitID" ADD GENERATED BY DEFAULT AS IDENTITY (
    SEQUENCE NAME public."PaymentLimit_paymentLimitID_seq"
    START WITH 1
    INCREMENT BY 1
    NO MINVALUE
    NO MAXVALUE
    CACHE 1
);


--
-- TOC entry 226 (class 1259 OID 17336)
-- Name: Product; Type: TABLE; Schema: public; Owner: postgres
--

CREATE TABLE public."Product" (
    "ProductID" integer NOT NULL,
    "Product_name" character varying(100) NOT NULL,
    price numeric(19,4) NOT NULL,
    "Unit" character varying(50) NOT NULL,
    isdelete integer,
    "Category" character varying(100)
);


ALTER TABLE public."Product" OWNER TO postgres;

--
-- TOC entry 225 (class 1259 OID 17335)
-- Name: Product_ProductID_seq; Type: SEQUENCE; Schema: public; Owner: postgres
--

ALTER TABLE public."Product" ALTER COLUMN "ProductID" ADD GENERATED BY DEFAULT AS IDENTITY (
    SEQUENCE NAME public."Product_ProductID_seq"
    START WITH 1
    INCREMENT BY 1
    NO MINVALUE
    NO MAXVALUE
    CACHE 1
);


--
-- TOC entry 228 (class 1259 OID 17342)
-- Name: User; Type: TABLE; Schema: public; Owner: postgres
--

CREATE TABLE public."User" (
    "userID" integer NOT NULL,
    "userName" character varying(100) NOT NULL,
    password character varying(200) NOT NULL,
    permission integer NOT NULL,
    active integer
);


ALTER TABLE public."User" OWNER TO postgres;

--
-- TOC entry 227 (class 1259 OID 17341)
-- Name: User_userID_seq; Type: SEQUENCE; Schema: public; Owner: postgres
--

ALTER TABLE public."User" ALTER COLUMN "userID" ADD GENERATED BY DEFAULT AS IDENTITY (
    SEQUENCE NAME public."User_userID_seq"
    START WITH 1
    INCREMENT BY 1
    NO MINVALUE
    NO MAXVALUE
    CACHE 1
);


--
-- TOC entry 230 (class 1259 OID 17348)
-- Name: historyPatient; Type: TABLE; Schema: public; Owner: postgres
--

CREATE TABLE public."historyPatient" (
    "historyPatientID" integer NOT NULL,
    status character varying(100) NOT NULL,
    "patientID" integer NOT NULL,
    "hopitalID" integer NOT NULL,
    "fromDate" timestamp without time zone NOT NULL,
    "endDate" timestamp without time zone NOT NULL
);


ALTER TABLE public."historyPatient" OWNER TO postgres;

--
-- TOC entry 229 (class 1259 OID 17347)
-- Name: historyPatient_historyPatientID_seq; Type: SEQUENCE; Schema: public; Owner: postgres
--

ALTER TABLE public."historyPatient" ALTER COLUMN "historyPatientID" ADD GENERATED BY DEFAULT AS IDENTITY (
    SEQUENCE NAME public."historyPatient_historyPatientID_seq"
    START WITH 1
    INCREMENT BY 1
    NO MINVALUE
    NO MAXVALUE
    CACHE 1
);


--
-- TOC entry 232 (class 1259 OID 17354)
-- Name: productPackage; Type: TABLE; Schema: public; Owner: postgres
--

CREATE TABLE public."productPackage" (
    "productPackageID" integer NOT NULL,
    "package_Name" character varying(100) NOT NULL,
    "limited_ProductQuantity" integer NOT NULL,
    "limited_PackageQuantity" integer NOT NULL,
    "limited_Time" integer NOT NULL,
    isdelete integer
);


ALTER TABLE public."productPackage" OWNER TO postgres;

--
-- TOC entry 231 (class 1259 OID 17353)
-- Name: productPackage_productPackageID_seq; Type: SEQUENCE; Schema: public; Owner: postgres
--

ALTER TABLE public."productPackage" ALTER COLUMN "productPackageID" ADD GENERATED BY DEFAULT AS IDENTITY (
    SEQUENCE NAME public."productPackage_productPackageID_seq"
    START WITH 1
    INCREMENT BY 1
    NO MINVALUE
    NO MAXVALUE
    CACHE 1
);


--
-- TOC entry 3413 (class 0 OID 17284)
-- Dependencies: 210
-- Data for Name: History; Type: TABLE DATA; Schema: public; Owner: postgres
--

COPY public."History" ("HistoryID", "timeLogin", "timeLogout", "userID") FROM stdin;
\.


--
-- TOC entry 3415 (class 0 OID 17290)
-- Dependencies: 212
-- Data for Name: Hopital; Type: TABLE DATA; Schema: public; Owner: postgres
--

COPY public."Hopital" ("hopitalID", "hopitalName", "current_Quantity", "Capacity", province, ward, "District") FROM stdin;
1	Khu điều trị 1	121	200	Hồ Chí Minh	Phường 5	Bình Thạnh
2	Khu điều trị 2	121	6002	Hồ Chí Minh	Quận 4	Phường 5
\.


--
-- TOC entry 3417 (class 0 OID 17296)
-- Dependencies: 214
-- Data for Name: Image; Type: TABLE DATA; Schema: public; Owner: postgres
--

COPY public."Image" ("imageID", "image_Link", "ProductID") FROM stdin;
\.


--
-- TOC entry 3439 (class 0 OID 17366)
-- Dependencies: 236
-- Data for Name: Notification; Type: TABLE DATA; Schema: public; Owner: postgres
--

COPY public."Notification" ("notificationID", info, "userID", "userName") FROM stdin;
6	Mời bạn tiến hành thanh toán số dư nợ.	3	guest1
\.


--
-- TOC entry 3419 (class 0 OID 17304)
-- Dependencies: 216
-- Data for Name: Order; Type: TABLE DATA; Schema: public; Owner: postgres
--

COPY public."Order" ("orderID", "patientID", "TotalPrice", "oderDate", "statusPayment", "productPackageID") FROM stdin;
\.


--
-- TOC entry 3421 (class 0 OID 17310)
-- Dependencies: 218
-- Data for Name: OrdersDetail; Type: TABLE DATA; Schema: public; Owner: postgres
--

COPY public."OrdersDetail" ("OrdersDetailID", "OrdersID", "PackageID", "Quantity") FROM stdin;
\.


--
-- TOC entry 3423 (class 0 OID 17316)
-- Dependencies: 220
-- Data for Name: OrdersPackageDetail; Type: TABLE DATA; Schema: public; Owner: postgres
--

COPY public."OrdersPackageDetail" ("OPDID", "OrdersDetailID", "ProductID", "Quantity", "Price", "Unit") FROM stdin;
\.


--
-- TOC entry 3425 (class 0 OID 17322)
-- Dependencies: 222
-- Data for Name: Package_Product; Type: TABLE DATA; Schema: public; Owner: postgres
--

COPY public."Package_Product" ("Package_ProductID", "packageID", "productID", number, "isDelete") FROM stdin;
1	1	1	1	0
2	1	2	1	0
3	2	3	1	0
4	2	1	2	0
\.


--
-- TOC entry 3427 (class 0 OID 17328)
-- Dependencies: 224
-- Data for Name: Patient; Type: TABLE DATA; Schema: public; Owner: postgres
--

COPY public."Patient" ("PatientID", "PatientName", "DOB", province, ward, "District", "Status", "userID", "hospitalID", patient_ref, "identityCard") FROM stdin;
\.


--
-- TOC entry 3437 (class 0 OID 17360)
-- Dependencies: 234
-- Data for Name: PaymentLimit; Type: TABLE DATA; Schema: public; Owner: postgres
--

COPY public."PaymentLimit" ("paymentLimitID", value) FROM stdin;
1	120000
\.


--
-- TOC entry 3429 (class 0 OID 17336)
-- Dependencies: 226
-- Data for Name: Product; Type: TABLE DATA; Schema: public; Owner: postgres
--

COPY public."Product" ("ProductID", "Product_name", price, "Unit", isdelete, "Category") FROM stdin;
1	Thịt lợn	100000.0000	KG	0	\N
2	Thịt bò	200000.0000	KG	0	\N
3	Gạo	23000.0000	KG	0	\N
\.


--
-- TOC entry 3431 (class 0 OID 17342)
-- Dependencies: 228
-- Data for Name: User; Type: TABLE DATA; Schema: public; Owner: postgres
--

COPY public."User" ("userID", "userName", password, permission, active) FROM stdin;
1	admin	123	1	1
2	quanly1	123	2	1
3	guest1	123	3	1
4	test1	123	2	2
\.


--
-- TOC entry 3433 (class 0 OID 17348)
-- Dependencies: 230
-- Data for Name: historyPatient; Type: TABLE DATA; Schema: public; Owner: postgres
--

COPY public."historyPatient" ("historyPatientID", status, "patientID", "hopitalID", "fromDate", "endDate") FROM stdin;
\.


--
-- TOC entry 3435 (class 0 OID 17354)
-- Dependencies: 232
-- Data for Name: productPackage; Type: TABLE DATA; Schema: public; Owner: postgres
--

COPY public."productPackage" ("productPackageID", "package_Name", "limited_ProductQuantity", "limited_PackageQuantity", "limited_Time", isdelete) FROM stdin;
1	Nhu yếu phẩm 1	2	2	10	0
2	Nhu yếu phẩm 2	2	2	10	0
\.


--
-- TOC entry 3445 (class 0 OID 0)
-- Dependencies: 209
-- Name: History_HistoryID_seq; Type: SEQUENCE SET; Schema: public; Owner: postgres
--

SELECT pg_catalog.setval('public."History_HistoryID_seq"', 1, false);


--
-- TOC entry 3446 (class 0 OID 0)
-- Dependencies: 211
-- Name: Hopital_hopitalID_seq; Type: SEQUENCE SET; Schema: public; Owner: postgres
--

SELECT pg_catalog.setval('public."Hopital_hopitalID_seq"', 2, true);


--
-- TOC entry 3447 (class 0 OID 0)
-- Dependencies: 213
-- Name: Image_imageID_seq; Type: SEQUENCE SET; Schema: public; Owner: postgres
--

SELECT pg_catalog.setval('public."Image_imageID_seq"', 1, false);


--
-- TOC entry 3448 (class 0 OID 0)
-- Dependencies: 235
-- Name: Notification_notificationID_seq; Type: SEQUENCE SET; Schema: public; Owner: postgres
--

SELECT pg_catalog.setval('public."Notification_notificationID_seq"', 6, true);


--
-- TOC entry 3449 (class 0 OID 0)
-- Dependencies: 215
-- Name: Order_orderID_seq; Type: SEQUENCE SET; Schema: public; Owner: postgres
--

SELECT pg_catalog.setval('public."Order_orderID_seq"', 1, false);


--
-- TOC entry 3450 (class 0 OID 0)
-- Dependencies: 217
-- Name: OrdersDetail_OrdersDetailID_seq; Type: SEQUENCE SET; Schema: public; Owner: postgres
--

SELECT pg_catalog.setval('public."OrdersDetail_OrdersDetailID_seq"', 1, false);


--
-- TOC entry 3451 (class 0 OID 0)
-- Dependencies: 219
-- Name: OrdersPackageDetail_OPDID_seq; Type: SEQUENCE SET; Schema: public; Owner: postgres
--

SELECT pg_catalog.setval('public."OrdersPackageDetail_OPDID_seq"', 1, false);


--
-- TOC entry 3452 (class 0 OID 0)
-- Dependencies: 221
-- Name: Package_Product_Package_ProductID_seq; Type: SEQUENCE SET; Schema: public; Owner: postgres
--

SELECT pg_catalog.setval('public."Package_Product_Package_ProductID_seq"', 4, true);


--
-- TOC entry 3453 (class 0 OID 0)
-- Dependencies: 223
-- Name: Patient_PatientID_seq; Type: SEQUENCE SET; Schema: public; Owner: postgres
--

SELECT pg_catalog.setval('public."Patient_PatientID_seq"', 1, false);


--
-- TOC entry 3454 (class 0 OID 0)
-- Dependencies: 233
-- Name: PaymentLimit_paymentLimitID_seq; Type: SEQUENCE SET; Schema: public; Owner: postgres
--

SELECT pg_catalog.setval('public."PaymentLimit_paymentLimitID_seq"', 1, true);


--
-- TOC entry 3455 (class 0 OID 0)
-- Dependencies: 225
-- Name: Product_ProductID_seq; Type: SEQUENCE SET; Schema: public; Owner: postgres
--

SELECT pg_catalog.setval('public."Product_ProductID_seq"', 3, true);


--
-- TOC entry 3456 (class 0 OID 0)
-- Dependencies: 227
-- Name: User_userID_seq; Type: SEQUENCE SET; Schema: public; Owner: postgres
--

SELECT pg_catalog.setval('public."User_userID_seq"', 4, true);


--
-- TOC entry 3457 (class 0 OID 0)
-- Dependencies: 229
-- Name: historyPatient_historyPatientID_seq; Type: SEQUENCE SET; Schema: public; Owner: postgres
--

SELECT pg_catalog.setval('public."historyPatient_historyPatientID_seq"', 1, false);


--
-- TOC entry 3458 (class 0 OID 0)
-- Dependencies: 231
-- Name: productPackage_productPackageID_seq; Type: SEQUENCE SET; Schema: public; Owner: postgres
--

SELECT pg_catalog.setval('public."productPackage_productPackageID_seq"', 2, true);


--
-- TOC entry 3233 (class 2606 OID 17294)
-- Name: Hopital Hopital_pkey; Type: CONSTRAINT; Schema: public; Owner: postgres
--

ALTER TABLE ONLY public."Hopital"
    ADD CONSTRAINT "Hopital_pkey" PRIMARY KEY ("hopitalID");


--
-- TOC entry 3257 (class 2606 OID 17370)
-- Name: Notification Notification_pkey; Type: CONSTRAINT; Schema: public; Owner: postgres
--

ALTER TABLE ONLY public."Notification"
    ADD CONSTRAINT "Notification_pkey" PRIMARY KEY ("notificationID");


--
-- TOC entry 3237 (class 2606 OID 17308)
-- Name: Order Order_pkey; Type: CONSTRAINT; Schema: public; Owner: postgres
--

ALTER TABLE ONLY public."Order"
    ADD CONSTRAINT "Order_pkey" PRIMARY KEY ("orderID");


--
-- TOC entry 3239 (class 2606 OID 17314)
-- Name: OrdersDetail OrdersDetail_pkey; Type: CONSTRAINT; Schema: public; Owner: postgres
--

ALTER TABLE ONLY public."OrdersDetail"
    ADD CONSTRAINT "OrdersDetail_pkey" PRIMARY KEY ("OrdersDetailID");


--
-- TOC entry 3241 (class 2606 OID 17320)
-- Name: OrdersPackageDetail OrdersPackageDetail_pkey; Type: CONSTRAINT; Schema: public; Owner: postgres
--

ALTER TABLE ONLY public."OrdersPackageDetail"
    ADD CONSTRAINT "OrdersPackageDetail_pkey" PRIMARY KEY ("OPDID");


--
-- TOC entry 3231 (class 2606 OID 17288)
-- Name: History PK_history; Type: CONSTRAINT; Schema: public; Owner: postgres
--

ALTER TABLE ONLY public."History"
    ADD CONSTRAINT "PK_history" PRIMARY KEY ("HistoryID");


--
-- TOC entry 3235 (class 2606 OID 17302)
-- Name: Image PK_image; Type: CONSTRAINT; Schema: public; Owner: postgres
--

ALTER TABLE ONLY public."Image"
    ADD CONSTRAINT "PK_image" PRIMARY KEY ("imageID");


--
-- TOC entry 3247 (class 2606 OID 17340)
-- Name: Product PK_product; Type: CONSTRAINT; Schema: public; Owner: postgres
--

ALTER TABLE ONLY public."Product"
    ADD CONSTRAINT "PK_product" PRIMARY KEY ("ProductID");


--
-- TOC entry 3249 (class 2606 OID 17346)
-- Name: User PK_user; Type: CONSTRAINT; Schema: public; Owner: postgres
--

ALTER TABLE ONLY public."User"
    ADD CONSTRAINT "PK_user" PRIMARY KEY ("userID");


--
-- TOC entry 3243 (class 2606 OID 17326)
-- Name: Package_Product Package_Product_pkey; Type: CONSTRAINT; Schema: public; Owner: postgres
--

ALTER TABLE ONLY public."Package_Product"
    ADD CONSTRAINT "Package_Product_pkey" PRIMARY KEY ("Package_ProductID");


--
-- TOC entry 3245 (class 2606 OID 17334)
-- Name: Patient Patient_pkey; Type: CONSTRAINT; Schema: public; Owner: postgres
--

ALTER TABLE ONLY public."Patient"
    ADD CONSTRAINT "Patient_pkey" PRIMARY KEY ("PatientID");


--
-- TOC entry 3255 (class 2606 OID 17364)
-- Name: PaymentLimit PaymentLimit_pkey; Type: CONSTRAINT; Schema: public; Owner: postgres
--

ALTER TABLE ONLY public."PaymentLimit"
    ADD CONSTRAINT "PaymentLimit_pkey" PRIMARY KEY ("paymentLimitID");


--
-- TOC entry 3251 (class 2606 OID 17352)
-- Name: historyPatient historyPatient_pkey; Type: CONSTRAINT; Schema: public; Owner: postgres
--

ALTER TABLE ONLY public."historyPatient"
    ADD CONSTRAINT "historyPatient_pkey" PRIMARY KEY ("historyPatientID");


--
-- TOC entry 3253 (class 2606 OID 17358)
-- Name: productPackage productPackage_pkey; Type: CONSTRAINT; Schema: public; Owner: postgres
--

ALTER TABLE ONLY public."productPackage"
    ADD CONSTRAINT "productPackage_pkey" PRIMARY KEY ("productPackageID");


--
-- TOC entry 3260 (class 2606 OID 17386)
-- Name: Order FK_Order_package; Type: FK CONSTRAINT; Schema: public; Owner: postgres
--

ALTER TABLE ONLY public."Order"
    ADD CONSTRAINT "FK_Order_package" FOREIGN KEY ("productPackageID") REFERENCES public."productPackage"("productPackageID") NOT VALID;


--
-- TOC entry 3261 (class 2606 OID 17391)
-- Name: Order FK_Order_patient; Type: FK CONSTRAINT; Schema: public; Owner: postgres
--

ALTER TABLE ONLY public."Order"
    ADD CONSTRAINT "FK_Order_patient" FOREIGN KEY ("patientID") REFERENCES public."Patient"("PatientID") NOT VALID;


--
-- TOC entry 3262 (class 2606 OID 17396)
-- Name: OrdersDetail FK_OrdersDetail_Orders; Type: FK CONSTRAINT; Schema: public; Owner: postgres
--

ALTER TABLE ONLY public."OrdersDetail"
    ADD CONSTRAINT "FK_OrdersDetail_Orders" FOREIGN KEY ("OrdersID") REFERENCES public."Order"("orderID");


--
-- TOC entry 3263 (class 2606 OID 17401)
-- Name: OrdersDetail FK_OrdersDetail_Package; Type: FK CONSTRAINT; Schema: public; Owner: postgres
--

ALTER TABLE ONLY public."OrdersDetail"
    ADD CONSTRAINT "FK_OrdersDetail_Package" FOREIGN KEY ("PackageID") REFERENCES public."productPackage"("productPackageID");


--
-- TOC entry 3264 (class 2606 OID 17406)
-- Name: OrdersPackageDetail FK_OrdersPackage_OrdersDetail; Type: FK CONSTRAINT; Schema: public; Owner: postgres
--

ALTER TABLE ONLY public."OrdersPackageDetail"
    ADD CONSTRAINT "FK_OrdersPackage_OrdersDetail" FOREIGN KEY ("OrdersDetailID") REFERENCES public."OrdersDetail"("OrdersDetailID");


--
-- TOC entry 3265 (class 2606 OID 17411)
-- Name: OrdersPackageDetail FK_OrdersPackage_Product; Type: FK CONSTRAINT; Schema: public; Owner: postgres
--

ALTER TABLE ONLY public."OrdersPackageDetail"
    ADD CONSTRAINT "FK_OrdersPackage_Product" FOREIGN KEY ("ProductID") REFERENCES public."Product"("ProductID");


--
-- TOC entry 3270 (class 2606 OID 17436)
-- Name: historyPatient FK_historyPatient_hopital; Type: FK CONSTRAINT; Schema: public; Owner: postgres
--

ALTER TABLE ONLY public."historyPatient"
    ADD CONSTRAINT "FK_historyPatient_hopital" FOREIGN KEY ("patientID") REFERENCES public."Patient"("PatientID") NOT VALID;


--
-- TOC entry 3271 (class 2606 OID 17441)
-- Name: historyPatient FK_historyPatient_patient; Type: FK CONSTRAINT; Schema: public; Owner: postgres
--

ALTER TABLE ONLY public."historyPatient"
    ADD CONSTRAINT "FK_historyPatient_patient" FOREIGN KEY ("hopitalID") REFERENCES public."Hopital"("hopitalID") NOT VALID;


--
-- TOC entry 3258 (class 2606 OID 17376)
-- Name: History FK_history_user; Type: FK CONSTRAINT; Schema: public; Owner: postgres
--

ALTER TABLE ONLY public."History"
    ADD CONSTRAINT "FK_history_user" FOREIGN KEY ("userID") REFERENCES public."User"("userID") NOT VALID;


--
-- TOC entry 3259 (class 2606 OID 17381)
-- Name: Image FK_image_product; Type: FK CONSTRAINT; Schema: public; Owner: postgres
--

ALTER TABLE ONLY public."Image"
    ADD CONSTRAINT "FK_image_product" FOREIGN KEY ("ProductID") REFERENCES public."Product"("ProductID") NOT VALID;


--
-- TOC entry 3272 (class 2606 OID 17371)
-- Name: Notification FK_notification_user; Type: FK CONSTRAINT; Schema: public; Owner: postgres
--

ALTER TABLE ONLY public."Notification"
    ADD CONSTRAINT "FK_notification_user" FOREIGN KEY ("userID") REFERENCES public."User"("userID") NOT VALID;


--
-- TOC entry 3266 (class 2606 OID 17416)
-- Name: Package_Product FK_package; Type: FK CONSTRAINT; Schema: public; Owner: postgres
--

ALTER TABLE ONLY public."Package_Product"
    ADD CONSTRAINT "FK_package" FOREIGN KEY ("packageID") REFERENCES public."productPackage"("productPackageID") NOT VALID;


--
-- TOC entry 3268 (class 2606 OID 17426)
-- Name: Patient FK_patient_patient; Type: FK CONSTRAINT; Schema: public; Owner: postgres
--

ALTER TABLE ONLY public."Patient"
    ADD CONSTRAINT "FK_patient_patient" FOREIGN KEY (patient_ref) REFERENCES public."Patient"("PatientID") NOT VALID;


--
-- TOC entry 3269 (class 2606 OID 17431)
-- Name: Patient FK_patient_user; Type: FK CONSTRAINT; Schema: public; Owner: postgres
--

ALTER TABLE ONLY public."Patient"
    ADD CONSTRAINT "FK_patient_user" FOREIGN KEY ("userID") REFERENCES public."User"("userID") NOT VALID;


--
-- TOC entry 3267 (class 2606 OID 17421)
-- Name: Package_Product FK_product; Type: FK CONSTRAINT; Schema: public; Owner: postgres
--

ALTER TABLE ONLY public."Package_Product"
    ADD CONSTRAINT "FK_product" FOREIGN KEY ("productID") REFERENCES public."Product"("ProductID") NOT VALID;


-- Completed on 2022-01-18 17:36:11

--
-- PostgreSQL database dump complete
--

